year,faction_type,total_power,normalized_power_share,mean_age,weighted_mean_age,mean_political_age,weighted_mean_political_age,factions_count
1801,court_dynastic,1.0,0.8032,23.52,23.52,0.27,0.27,1
1801,bureaucratic_ideological,0.245,0.1968,40.18,40.18,0.5,0.5,1
1802,court_dynastic,1.0,0.8032,24.52,24.52,1.27,1.27,1
1802,bureaucratic_ideological,0.245,0.1968,41.18,41.18,1.49,1.49,1
1803,court_dynastic,1.0,0.7737,25.52,25.52,2.27,2.27,1
1803,bureaucratic_ideological,0.2925,0.2263,34.6,34.6,5.49,5.49,1
1804,court_dynastic,1.0,0.7737,26.52,26.52,3.27,3.27,1
1804,bureaucratic_ideological,0.2925,0.2263,35.6,35.6,6.49,6.49,1
1805,court_dynastic,1.0,0.7737,27.52,27.52,4.27,4.27,1
1805,bureaucratic_ideological,0.2925,0.2263,36.6,36.6,7.49,7.49,1
1806,court_dynastic,1.0,0.7737,28.52,28.52,5.27,5.27,1
1806,bureaucratic_ideological,0.2925,0.2263,37.6,37.6,8.49,8.49,1
1807,court_dynastic,1.0,0.7737,29.52,29.52,6.27,6.27,1
1807,bureaucratic_ideological,0.2925,0.2263,38.6,38.6,9.49,9.49,1
1808,court_dynastic,1.0,0.6568,30.52,30.52,7.27,7.27,1
1808,bureaucratic_ideological,0.5225,0.3432,36.47,36.47,7.5,7.5,1
1809,court_dynastic,1.0,0.6568,31.52,31.52,8.27,8.27,1
1809,bureaucratic_ideological,0.5225,0.3432,37.47,37.47,8.5,8.5,1
1810,court_dynastic,1.0,0.6568,32.52,32.52,9.27,9.27,1
1810,bureaucratic_ideological,0.5225,0.3432,38.46,38.46,9.5,9.5,1
1811,court_dynastic,1.0,0.6568,33.52,33.52,10.27,10.27,1
1811,bureaucratic_ideological,0.5225,0.3432,39.46,39.46,10.49,10.49,1
1812,court_dynastic,1.0,1.0,34.52,34.52,11.27,11.27,1
1813,court_dynastic,1.0,1.0,35.52,35.52,12.27,12.27,1
1814,court_dynastic,1.0,1.0,36.52,36.52,13.27,13.27,1
1815,court_dynastic,1.0,0.4162,37.52,37.52,14.27,14.27,1
1815,military_aristocratic,0.495,0.206,45.74,45.74,19.49,19.49,1
1815,personal_access,0.4675,0.1946,45.74,45.74,19.49,19.49,1
1815,bureaucratic_ideological,0.44,0.1831,45.74,45.74,19.49,19.49,1
1816,court_dynastic,1.0,0.4162,38.52,38.52,15.27,15.27,1
1816,military_aristocratic,0.495,0.206,46.74,46.74,20.5,20.5,1
1816,personal_access,0.4675,0.1946,46.74,46.74,20.5,20.5,1
1816,bureaucratic_ideological,0.44,0.1831,46.74,46.74,20.5,20.5,1
1817,court_dynastic,1.0,0.3475,39.52,39.52,16.27,16.27,1
1817,military_aristocratic,0.495,0.172,47.74,47.74,21.5,21.5,1
1817,functional,0.475,0.1651,36.54,36.54,16.5,16.5,1
1817,personal_access,0.4675,0.1625,47.74,47.74,21.5,21.5,1
1817,bureaucratic_ideological,0.44,0.1529,47.74,47.74,21.5,21.5,1
1818,court_dynastic,1.0,0.3475,40.52,40.52,17.27,17.27,1
1818,military_aristocratic,0.495,0.172,48.74,48.74,22.49,22.49,1
1818,functional,0.475,0.1651,37.54,37.54,17.5,17.5,1
1818,personal_access,0.4675,0.1625,48.74,48.74,22.49,22.49,1
1818,bureaucratic_ideological,0.44,0.1529,48.74,48.74,22.49,22.49,1
1819,court_dynastic,1.0,0.3475,41.52,41.52,18.27,18.27,1
1819,military_aristocratic,0.495,0.172,49.74,49.74,23.49,23.49,1
1819,functional,0.475,0.1651,38.54,38.54,18.49,18.49,1
1819,personal_access,0.4675,0.1625,49.74,49.74,23.49,23.49,1
1819,bureaucratic_ideological,0.44,0.1529,49.74,49.74,23.49,23.49,1
1820,court_dynastic,1.0,0.3155,42.52,42.52,19.27,19.27,1
1820,bureaucratic_ideological,0.7325,0.2311,51.17,51.08,23.49,23.7,2
1820,military_aristocratic,0.495,0.1562,50.74,50.74,24.5,24.5,1
1820,functional,0.475,0.1498,39.54,39.54,19.5,19.5,1
1820,personal_access,0.4675,0.1475,50.74,50.74,24.5,24.5,1
1821,court_dynastic,1.0,0.3155,43.52,43.52,20.27,20.27,1
1821,bureaucratic_ideological,0.7325,0.2311,52.17,52.08,24.49,24.7,2
1821,military_aristocratic,0.495,0.1562,51.74,51.74,25.5,25.5,1
1821,functional,0.475,0.1498,40.54,40.54,20.5,20.5,1
1821,personal_access,0.4675,0.1475,51.74,51.74,25.5,25.5,1
1822,court_dynastic,1.0,0.3155,44.52,44.52,21.27,21.27,1
1822,bureaucratic_ideological,0.7325,0.2311,53.17,53.08,25.49,25.69,2
1822,military_aristocratic,0.495,0.1562,52.74,52.74,26.49,26.49,1
1822,functional,0.475,0.1498,41.54,41.54,21.5,21.5,1
1822,personal_access,0.4675,0.1475,52.74,52.74,26.49,26.49,1
1823,court_dynastic,1.0,0.2719,45.52,45.52,22.27,22.27,1
1823,bureaucratic_ideological,0.79,0.2148,51.17,51.46,18.99,19.96,1
1823,military_aristocratic,0.495,0.1346,53.74,53.74,27.49,27.49,1
1823,functional,0.475,0.1292,42.54,42.54,22.49,22.49,1
1823,personal_access,0.4675,0.1271,53.74,53.74,27.49,27.49,1
1823,functional_economic,0.45,0.1224,48.59,48.59,10.49,10.49,1
1824,court_dynastic,1.0,0.2719,46.52,46.52,23.27,23.27,1
1824,bureaucratic_ideological,0.79,0.2148,52.17,52.46,20.0,20.97,1
1824,military_aristocratic,0.495,0.1346,54.74,54.74,28.5,28.5,1
1824,functional,0.475,0.1292,43.54,43.54,23.5,23.5,1
1824,personal_access,0.4675,0.1271,54.74,54.74,28.5,28.5,1
1824,functional_economic,0.45,0.1224,49.59,49.59,11.5,11.5,1
1825,court_dynastic,1.0,0.2719,47.52,47.52,24.27,24.27,1
1825,bureaucratic_ideological,0.79,0.2148,53.17,53.46,21.0,21.97,1
1825,military_aristocratic,0.495,0.1346,55.74,55.74,29.5,29.5,1
1825,functional,0.475,0.1292,44.54,44.54,24.5,24.5,1
1825,personal_access,0.4675,0.1271,55.74,55.74,29.5,29.5,1
1825,functional_economic,0.45,0.1224,50.59,50.59,12.5,12.5,1
1826,court_dynastic,1.0,0.4396,29.98,29.98,0.58,0.58,1
1826,functional,0.475,0.2088,45.54,45.54,25.5,25.5,1
1826,functional_economic,0.45,0.1978,51.59,51.59,13.5,13.5,1
1826,bureaucratic_ideological,0.35,0.1538,51.59,51.59,13.5,13.5,1
1827,court_dynastic,1.0,0.3252,30.98,30.98,1.58,1.58,1
1827,functional,0.475,0.1545,46.54,46.54,26.49,26.49,1
1827,security,0.475,0.1545,45.99,45.99,29.49,29.49,1
1827,functional_economic,0.45,0.1463,52.59,52.59,14.49,14.49,1
1827,bureaucratic_ideological,0.35,0.1138,52.59,52.59,14.49,14.49,1
1827,personal_access,0.325,0.1057,45.99,45.99,29.49,29.49,1
1828,court_dynastic,1.0,0.3252,31.98,31.98,2.58,2.58,1
1828,functional,0.475,0.1545,47.54,47.54,27.5,27.5,1
1828,security,0.475,0.1545,46.99,46.99,30.49,30.49,1
1828,functional_economic,0.45,0.1463,53.59,53.59,15.5,15.5,1
1828,bureaucratic_ideological,0.35,0.1138,53.59,53.59,15.5,15.5,1
1828,personal_access,0.325,0.1057,46.99,46.99,30.49,30.49,1
1829,court_dynastic,1.0,0.3252,32.98,32.98,3.58,3.58,1
1829,functional,0.475,0.1545,48.54,48.54,28.5,28.5,1
1829,security,0.475,0.1545,47.99,47.99,31.49,31.49,1
1829,functional_economic,0.45,0.1463,54.59,54.59,16.5,16.5,1
1829,bureaucratic_ideological,0.35,0.1138,54.59,54.59,16.5,16.5,1
1829,personal_access,0.325,0.1057,47.99,47.99,31.49,31.49,1
1830,court_dynastic,1.0,0.3252,33.98,33.98,4.58,4.58,1
1830,functional,0.475,0.1545,49.54,49.54,29.5,29.5,1
1830,security,0.475,0.1545,48.99,48.99,32.49,32.49,1
1830,functional_economic,0.45,0.1463,55.59,55.59,17.5,17.5,1
1830,bureaucratic_ideological,0.35,0.1138,55.59,55.59,17.5,17.5,1
1830,personal_access,0.325,0.1057,48.99,48.99,32.49,32.49,1
1831,court_dynastic,1.0,0.3252,34.98,34.98,5.58,5.58,1
1831,functional,0.475,0.1545,50.54,50.54,30.49,30.49,1
1831,security,0.475,0.1545,49.99,49.99,33.49,33.49,1
1831,functional_economic,0.45,0.1463,56.59,56.59,18.49,18.49,1
1831,bureaucratic_ideological,0.35,0.1138,56.59,56.59,18.49,18.49,1
1831,personal_access,0.325,0.1057,49.99,49.99,33.49,33.49,1
1832,court_dynastic,1.0,0.3252,35.98,35.98,6.58,6.58,1
1832,functional,0.475,0.1545,51.54,51.54,31.5,31.5,1
1832,security,0.475,0.1545,50.99,50.99,34.49,34.49,1
1832,functional_economic,0.45,0.1463,57.59,57.59,19.5,19.5,1
1832,bureaucratic_ideological,0.35,0.1138,57.59,57.59,19.5,19.5,1
1832,personal_access,0.325,0.1057,50.99,50.99,34.49,34.49,1
1833,court_dynastic,1.0,0.3252,36.98,36.98,7.58,7.58,1
1833,functional,0.475,0.1545,52.54,52.54,32.5,32.5,1
1833,security,0.475,0.1545,51.99,51.99,35.49,35.49,1
1833,functional_economic,0.45,0.1463,58.59,58.59,20.5,20.5,1
1833,bureaucratic_ideological,0.35,0.1138,58.59,58.59,20.5,20.5,1
1833,personal_access,0.325,0.1057,51.99,51.99,35.49,35.49,1
1834,court_dynastic,1.0,0.3252,37.98,37.98,8.58,8.58,1
1834,functional,0.475,0.1545,53.54,53.54,33.5,33.5,1
1834,security,0.475,0.1545,52.99,52.99,36.49,36.49,1
1834,functional_economic,0.45,0.1463,59.59,59.59,21.5,21.5,1
1834,bureaucratic_ideological,0.35,0.1138,59.59,59.59,21.5,21.5,1
1834,personal_access,0.325,0.1057,52.99,52.99,36.49,36.49,1
1835,court_dynastic,1.0,0.3252,38.98,38.98,9.58,9.58,1
1835,functional,0.475,0.1545,54.54,54.54,34.49,34.49,1
1835,security,0.475,0.1545,53.99,53.99,37.49,37.49,1
1835,functional_economic,0.45,0.1463,60.59,60.59,22.49,22.49,1
1835,bureaucratic_ideological,0.35,0.1138,60.59,60.59,22.49,22.49,1
1835,personal_access,0.325,0.1057,53.99,53.99,37.49,37.49,1
1836,court_dynastic,1.0,0.3252,39.98,39.98,10.58,10.58,1
1836,functional,0.475,0.1545,55.54,55.54,35.5,35.5,1
1836,security,0.475,0.1545,54.99,54.99,38.49,38.49,1
1836,functional_economic,0.45,0.1463,61.59,61.59,23.5,23.5,1
1836,bureaucratic_ideological,0.35,0.1138,61.59,61.59,23.5,23.5,1
1836,personal_access,0.325,0.1057,54.99,54.99,38.49,38.49,1
1837,court_dynastic,1.0,0.3252,40.98,40.98,11.58,11.58,1
1837,functional,0.475,0.1545,56.54,56.54,36.5,36.5,1
1837,security,0.475,0.1545,55.99,55.99,39.49,39.49,1
1837,functional_economic,0.45,0.1463,62.59,62.59,24.5,24.5,1
1837,bureaucratic_ideological,0.35,0.1138,62.59,62.59,24.5,24.5,1
1837,personal_access,0.325,0.1057,55.99,55.99,39.49,39.49,1
1838,court_dynastic,1.0,0.3252,41.98,41.98,12.58,12.58,1
1838,functional,0.475,0.1545,57.54,57.54,37.5,37.5,1
1838,security,0.475,0.1545,56.99,56.99,40.49,40.49,1
1838,functional_economic,0.45,0.1463,63.59,63.59,25.5,25.5,1
1838,bureaucratic_ideological,0.35,0.1138,63.59,63.59,25.5,25.5,1
1838,personal_access,0.325,0.1057,56.99,56.99,40.49,40.49,1
1839,court_dynastic,1.0,0.3252,42.98,42.98,13.58,13.58,1
1839,functional,0.475,0.1545,58.54,58.54,38.49,38.49,1
1839,security,0.475,0.1545,57.99,57.99,41.49,41.49,1
1839,functional_economic,0.45,0.1463,64.59,64.59,26.49,26.49,1
1839,bureaucratic_ideological,0.35,0.1138,64.59,64.59,26.49,26.49,1
1839,personal_access,0.325,0.1057,57.99,57.99,41.49,41.49,1
1840,court_dynastic,1.0,0.3252,43.98,43.98,14.58,14.58,1
1840,functional,0.475,0.1545,59.54,59.54,39.5,39.5,1
1840,security,0.475,0.1545,58.99,58.99,42.5,42.5,1
1840,functional_economic,0.45,0.1463,65.59,65.59,27.5,27.5,1
1840,bureaucratic_ideological,0.35,0.1138,65.59,65.59,27.5,27.5,1
1840,personal_access,0.325,0.1057,58.99,58.99,42.5,42.5,1
1841,court_dynastic,1.0,0.3252,44.98,44.98,15.58,15.58,1
1841,functional,0.475,0.1545,60.54,60.54,40.5,40.5,1
1841,security,0.475,0.1545,59.99,59.99,43.49,43.49,1
1841,functional_economic,0.45,0.1463,66.59,66.59,28.5,28.5,1
1841,bureaucratic_ideological,0.35,0.1138,66.59,66.59,28.5,28.5,1
1841,personal_access,0.325,0.1057,59.99,59.99,43.49,43.49,1
1842,court_dynastic,1.0,0.3252,45.98,45.98,16.58,16.58,1
1842,functional,0.475,0.1545,61.54,61.54,41.5,41.5,1
1842,security,0.475,0.1545,60.99,60.99,44.49,44.49,1
1842,functional_economic,0.45,0.1463,67.59,67.59,29.5,29.5,1
1842,bureaucratic_ideological,0.35,0.1138,67.59,67.59,29.5,29.5,1
1842,personal_access,0.325,0.1057,60.99,60.99,44.49,44.49,1
1843,court_dynastic,1.0,0.3252,46.98,46.98,17.58,17.58,1
1843,functional,0.475,0.1545,62.54,62.54,42.5,42.5,1
1843,security,0.475,0.1545,61.99,61.99,45.49,45.49,1
1843,functional_economic,0.45,0.1463,68.59,68.59,30.49,30.49,1
1843,bureaucratic_ideological,0.35,0.1138,68.59,68.59,30.49,30.49,1
1843,personal_access,0.325,0.1057,61.99,61.99,45.49,45.49,1
1844,court_dynastic,1.0,0.4396,47.98,47.98,18.58,18.58,1
1844,functional,0.475,0.2088,63.54,63.54,43.5,43.5,1
1844,security,0.475,0.2088,62.99,62.99,46.5,46.5,1
1844,personal_access,0.325,0.1429,62.99,62.99,46.5,46.5,1
1845,court_dynastic,1.0,0.678,48.98,48.98,19.58,19.58,1
1845,functional,0.475,0.322,64.54,64.54,44.5,44.5,1
1846,court_dynastic,1.0,0.678,49.98,49.98,20.58,20.58,1
1846,functional,0.475,0.322,65.54,65.54,45.5,45.5,1
1847,court_dynastic,1.0,0.678,50.98,50.98,21.58,21.58,1
1847,functional,0.475,0.322,66.54,66.54,46.5,46.5,1
1848,court_dynastic,1.0,0.678,51.98,51.98,22.58,22.58,1
1848,functional,0.475,0.322,67.54,67.54,47.5,47.5,1
1849,court_dynastic,1.0,0.678,52.98,52.98,23.58,23.58,1
1849,functional,0.475,0.322,68.54,68.54,48.5,48.5,1
1850,court_dynastic,1.0,0.678,53.98,53.98,24.58,24.58,1
1850,functional,0.475,0.322,69.54,69.54,49.5,49.5,1
1851,court_dynastic,1.0,0.678,54.98,54.98,25.58,25.58,1
1851,functional,0.475,0.322,70.54,70.54,50.5,50.5,1
1852,court_dynastic,1.0,0.678,55.98,55.98,26.58,26.58,1
1852,functional,0.475,0.322,71.54,71.54,51.5,51.5,1
1853,court_dynastic,1.0,0.678,56.98,56.98,27.58,27.58,1
1853,functional,0.475,0.322,72.54,72.54,52.5,52.5,1
1854,court_dynastic,1.0,0.678,57.98,57.98,28.58,28.58,1
1854,functional,0.475,0.322,73.54,73.54,53.5,53.5,1
1855,court_dynastic,1.0,0.678,37.17,37.17,0.33,0.33,1
1855,functional,0.475,0.322,74.54,74.54,54.5,54.5,1
1856,court_dynastic,1.0,0.6568,38.17,38.17,1.33,1.33,1
1856,functional,0.5225,0.3432,57.96,57.96,39.5,39.5,1
1857,court_dynastic,1.0,0.6568,39.17,39.17,2.33,2.33,1
1857,functional,0.5225,0.3432,58.96,58.96,40.5,40.5,1
1858,court_dynastic,1.0,0.6568,40.17,40.17,3.33,3.33,1
1858,functional,0.5225,0.3432,59.96,59.96,41.5,41.5,1
1859,court_dynastic,1.0,0.6568,41.17,41.17,4.33,4.33,1
1859,functional,0.5225,0.3432,60.96,60.96,42.5,42.5,1
1860,court_dynastic,1.0,0.6568,42.17,42.17,5.33,5.33,1
1860,functional,0.5225,0.3432,61.96,61.96,43.5,43.5,1
1861,court_dynastic,1.0,0.6568,43.17,43.17,6.33,6.33,1
1861,functional,0.5225,0.3432,62.96,62.96,44.5,44.5,1
1862,court_dynastic,1.0,0.507,44.17,44.17,7.33,7.33,1
1862,functional,0.5225,0.2649,63.96,63.96,45.5,45.5,1
1862,functional_economic,0.45,0.2281,41.77,41.77,20.5,20.5,1
1863,court_dynastic,1.0,0.507,45.17,45.17,8.33,8.33,1
1863,functional,0.5225,0.2649,64.96,64.96,46.5,46.5,1
1863,functional_economic,0.45,0.2281,42.77,42.77,21.5,21.5,1
1864,court_dynastic,1.0,0.507,46.17,46.17,9.33,9.33,1
1864,functional,0.5225,0.2649,65.96,65.96,47.5,47.5,1
1864,functional_economic,0.45,0.2281,43.77,43.77,22.5,22.5,1
1865,court_dynastic,1.0,0.507,47.17,47.17,10.33,10.33,1
1865,functional,0.5225,0.2649,66.96,66.96,48.5,48.5,1
1865,functional_economic,0.45,0.2281,44.77,44.77,23.5,23.5,1
1866,court_dynastic,1.0,0.507,48.17,48.17,11.33,11.33,1
1866,functional,0.5225,0.2649,67.96,67.96,49.5,49.5,1
1866,functional_economic,0.45,0.2281,45.77,45.77,24.5,24.5,1
1867,court_dynastic,1.0,0.507,49.17,49.17,12.33,12.33,1
1867,functional,0.5225,0.2649,68.96,68.96,50.5,50.5,1
1867,functional_economic,0.45,0.2281,46.77,46.77,25.5,25.5,1
1868,court_dynastic,1.0,0.507,50.17,50.17,13.33,13.33,1
1868,functional,0.5225,0.2649,69.96,69.96,51.5,51.5,1
1868,functional_economic,0.45,0.2281,47.77,47.77,26.5,26.5,1
1869,court_dynastic,1.0,0.507,51.17,51.17,14.33,14.33,1
1869,functional,0.5225,0.2649,70.96,70.96,52.5,52.5,1
1869,functional_economic,0.45,0.2281,48.77,48.77,27.5,27.5,1
1870,court_dynastic,1.0,0.507,52.17,52.17,15.33,15.33,1
1870,functional,0.5225,0.2649,71.96,71.96,53.5,53.5,1
1870,functional_economic,0.45,0.2281,49.77,49.77,28.5,28.5,1
1871,court_dynastic,1.0,0.507,53.17,53.17,16.33,16.33,1
1871,functional,0.5225,0.2649,72.96,72.96,54.5,54.5,1
1871,functional_economic,0.45,0.2281,50.77,50.77,29.5,29.5,1
1872,court_dynastic,1.0,0.507,54.17,54.17,17.33,17.33,1
1872,functional,0.5225,0.2649,73.96,73.96,55.5,55.5,1
1872,functional_economic,0.45,0.2281,51.77,51.77,30.5,30.5,1
1873,court_dynastic,1.0,0.507,55.17,55.17,18.33,18.33,1
1873,functional,0.5225,0.2649,74.96,74.96,56.5,56.5,1
1873,functional_economic,0.45,0.2281,52.77,52.77,31.5,31.5,1
1874,court_dynastic,1.0,0.507,56.17,56.17,19.33,19.33,1
1874,functional,0.5225,0.2649,75.96,75.96,57.5,57.5,1
1874,functional_economic,0.45,0.2281,53.77,53.77,32.5,32.5,1
1875,court_dynastic,1.0,0.507,57.17,57.17,20.33,20.33,1
1875,functional,0.5225,0.2649,76.96,76.96,58.5,58.5,1
1875,functional_economic,0.45,0.2281,54.77,54.77,33.5,33.5,1
1876,court_dynastic,1.0,0.507,58.18,58.18,21.33,21.33,1
1876,functional,0.5225,0.2649,77.96,77.96,59.5,59.5,1
1876,functional_economic,0.45,0.2281,55.77,55.77,34.5,34.5,1
1877,court_dynastic,1.0,0.507,59.17,59.17,22.33,22.33,1
1877,functional,0.5225,0.2649,78.96,78.96,60.5,60.5,1
1877,functional_economic,0.45,0.2281,56.77,56.77,35.5,35.5,1
1878,court_dynastic,1.0,0.507,60.17,60.17,23.33,23.33,1
1878,functional,0.5225,0.2649,79.96,79.96,61.5,61.5,1
1878,functional_economic,0.45,0.2281,57.77,57.77,36.5,36.5,1
1879,court_dynastic,1.0,0.6568,61.17,61.17,24.33,24.33,1
1879,functional,0.5225,0.3432,80.96,80.96,62.5,62.5,1
1880,court_dynastic,1.0,0.5006,62.18,62.18,25.33,25.33,1
1880,functional,0.5225,0.2616,81.96,81.96,63.5,63.5,1
1880,religious_institutional,0.475,0.2378,53.12,53.12,20.5,20.5,1
1881,court_dynastic,1.0,0.4044,36.31,36.31,0.3,0.3,1
1881,functional,0.5225,0.2113,82.96,82.96,64.5,64.5,1
1881,bureaucratic_ideological,0.475,0.1921,54.11,54.11,21.5,21.5,1
1881,religious_institutional,0.475,0.1921,54.11,54.11,21.5,21.5,1
1882,court_dynastic,1.0,0.5128,37.31,37.31,1.3,1.3,1
1882,bureaucratic_ideological,0.475,0.2436,55.11,55.11,22.5,22.5,1
1882,religious_institutional,0.475,0.2436,55.11,55.11,22.5,22.5,1
1883,court_dynastic,1.0,0.5128,38.31,38.31,2.3,2.3,1
1883,bureaucratic_ideological,0.475,0.2436,56.11,56.11,23.5,23.5,1
1883,religious_institutional,0.475,0.2436,56.11,56.11,23.5,23.5,1
1884,court_dynastic,1.0,0.5128,39.31,39.31,3.3,3.3,1
1884,bureaucratic_ideological,0.475,0.2436,57.12,57.12,24.5,24.5,1
1884,religious_institutional,0.475,0.2436,57.12,57.12,24.5,24.5,1
1885,court_dynastic,1.0,0.5128,40.31,40.31,4.3,4.3,1
1885,bureaucratic_ideological,0.475,0.2436,58.11,58.11,25.5,25.5,1
1885,religious_institutional,0.475,0.2436,58.11,58.11,25.5,25.5,1
1886,court_dynastic,1.0,0.5128,41.31,41.31,5.3,5.3,1
1886,bureaucratic_ideological,0.475,0.2436,59.11,59.11,26.5,26.5,1
1886,religious_institutional,0.475,0.2436,59.11,59.11,26.5,26.5,1
1887,court_dynastic,1.0,0.5128,42.31,42.31,6.3,6.3,1
1887,bureaucratic_ideological,0.475,0.2436,60.11,60.11,27.5,27.5,1
1887,religious_institutional,0.475,0.2436,60.11,60.11,27.5,27.5,1
1888,court_dynastic,1.0,0.5128,43.31,43.31,7.3,7.3,1
1888,bureaucratic_ideological,0.475,0.2436,61.12,61.12,28.5,28.5,1
1888,religious_institutional,0.475,0.2436,61.12,61.12,28.5,28.5,1
1889,court_dynastic,1.0,0.5128,44.31,44.31,8.3,8.3,1
1889,bureaucratic_ideological,0.475,0.2436,62.11,62.11,29.5,29.5,1
1889,religious_institutional,0.475,0.2436,62.11,62.11,29.5,29.5,1
1890,court_dynastic,1.0,0.5128,45.31,45.31,9.3,9.3,1
1890,bureaucratic_ideological,0.475,0.2436,63.11,63.11,30.5,30.5,1
1890,religious_institutional,0.475,0.2436,63.11,63.11,30.5,30.5,1
1891,court_dynastic,1.0,0.5128,46.31,46.31,10.3,10.3,1
1891,bureaucratic_ideological,0.475,0.2436,64.11,64.11,31.5,31.5,1
1891,religious_institutional,0.475,0.2436,64.11,64.11,31.5,31.5,1
1892,court_dynastic,1.0,0.5128,47.31,47.31,11.3,11.3,1
1892,bureaucratic_ideological,0.475,0.2436,65.12,65.12,32.5,32.5,1
1892,religious_institutional,0.475,0.2436,65.12,65.12,32.5,32.5,1
1893,court_dynastic,1.0,0.4044,48.31,48.31,12.3,12.3,1
1893,functional_economic,0.5225,0.2113,44.01,44.01,24.5,24.5,1
1893,bureaucratic_ideological,0.475,0.1921,66.11,66.11,33.5,33.5,1
1893,religious_institutional,0.475,0.1921,66.11,66.11,33.5,33.5,1
1894,court_dynastic,1.0,0.4044,49.31,49.31,13.3,13.3,1
1894,functional_economic,0.5225,0.2113,45.01,45.01,25.5,25.5,1
1894,bureaucratic_ideological,0.475,0.1921,67.11,67.11,34.5,34.5,1
1894,religious_institutional,0.475,0.1921,67.11,67.11,34.5,34.5,1
1895,court_dynastic,1.0,0.4044,27.12,27.12,0.66,0.66,1
1895,functional_economic,0.5225,0.2113,46.01,46.01,26.49,26.49,1
1895,bureaucratic_ideological,0.475,0.1921,68.11,68.11,35.5,35.5,1
1895,religious_institutional,0.475,0.1921,68.11,68.11,35.5,35.5,1
1896,court_dynastic,1.0,0.4044,28.12,28.12,1.66,1.66,1
1896,functional_economic,0.5225,0.2113,47.01,47.01,27.5,27.5,1
1896,bureaucratic_ideological,0.475,0.1921,69.12,69.12,36.5,36.5,1
1896,religious_institutional,0.475,0.1921,69.12,69.12,36.5,36.5,1
1897,court_dynastic,1.0,0.4044,29.12,29.12,2.66,2.66,1
1897,functional_economic,0.5225,0.2113,48.01,48.01,28.5,28.5,1
1897,bureaucratic_ideological,0.475,0.1921,70.12,70.12,37.5,37.5,1
1897,religious_institutional,0.475,0.1921,70.12,70.12,37.5,37.5,1
1898,court_dynastic,1.0,0.4044,30.12,30.12,3.66,3.66,1
1898,functional_economic,0.5225,0.2113,49.01,49.01,29.5,29.5,1
1898,bureaucratic_ideological,0.475,0.1921,71.11,71.11,38.5,38.5,1
1898,religious_institutional,0.475,0.1921,71.11,71.11,38.5,38.5,1
1899,court_dynastic,1.0,0.4044,31.12,31.12,4.66,4.66,1
1899,functional_economic,0.5225,0.2113,50.01,50.01,30.49,30.49,1
1899,bureaucratic_ideological,0.475,0.1921,72.11,72.11,39.5,39.5,1
1899,religious_institutional,0.475,0.1921,72.11,72.11,39.5,39.5,1
1900,court_dynastic,1.0,0.4044,32.12,32.12,5.66,5.66,1
1900,functional_economic,0.5225,0.2113,51.0,51.0,31.49,31.49,1
1900,bureaucratic_ideological,0.475,0.1921,73.11,73.11,40.5,40.5,1
1900,religious_institutional,0.475,0.1921,73.11,73.11,40.5,40.5,1
1901,court_dynastic,1.0,0.4044,33.12,33.12,6.66,6.66,1
1901,functional_economic,0.5225,0.2113,52.0,52.0,32.49,32.49,1
1901,bureaucratic_ideological,0.475,0.1921,74.11,74.11,41.5,41.5,1
1901,religious_institutional,0.475,0.1921,74.11,74.11,41.5,41.5,1
1902,court_dynastic,1.0,0.4044,34.12,34.12,7.66,7.66,1
1902,functional_economic,0.5225,0.2113,53.0,53.0,33.49,33.49,1
1902,bureaucratic_ideological,0.475,0.1921,75.11,75.11,42.5,42.5,1
1902,religious_institutional,0.475,0.1921,75.11,75.11,42.5,42.5,1
1903,court_dynastic,1.0,0.4044,35.12,35.12,8.66,8.66,1
1903,functional_economic,0.5225,0.2113,54.0,54.0,34.49,34.49,1
1903,bureaucratic_ideological,0.475,0.1921,76.11,76.11,43.49,43.49,1
1903,religious_institutional,0.475,0.1921,76.11,76.11,43.49,43.49,1
1904,court_dynastic,1.0,0.5128,36.12,36.12,9.66,9.66,1
1904,bureaucratic_ideological,0.475,0.2436,77.11,77.11,44.5,44.5,1
1904,religious_institutional,0.475,0.2436,77.11,77.11,44.5,44.5,1
1905,court_dynastic,1.0,0.5128,37.12,37.12,10.66,10.66,1
1905,bureaucratic_ideological,0.475,0.2436,78.11,78.11,45.5,45.5,1
1905,religious_institutional,0.475,0.2436,78.11,78.11,45.5,45.5,1
1906,court_dynastic,1.0,1.0,38.12,38.12,11.66,11.66,1
1907,bureaucratic_ideological,1.05,0.4078,45.21,45.21,18.49,18.49,2
1907,court_dynastic,1.0,0.3883,39.12,39.12,12.66,12.66,1
1907,security,0.525,0.2039,45.21,45.21,18.49,18.49,1
1908,bureaucratic_ideological,1.05,0.4078,46.21,46.21,19.49,19.49,2
1908,court_dynastic,1.0,0.3883,40.12,40.12,13.66,13.66,1
1908,security,0.525,0.2039,46.21,46.21,19.49,19.49,1
1909,bureaucratic_ideological,1.05,0.4078,47.21,47.21,20.49,20.49,2
1909,court_dynastic,1.0,0.3883,41.12,41.12,14.66,14.66,1
1909,security,0.525,0.2039,47.21,47.21,20.49,20.49,1
1910,bureaucratic_ideological,1.05,0.4078,48.21,48.21,21.49,21.49,2
1910,court_dynastic,1.0,0.3883,42.12,42.12,15.66,15.66,1
1910,security,0.525,0.2039,48.21,48.21,21.49,21.49,1
1911,bureaucratic_ideological,1.05,0.4078,49.21,49.21,22.49,22.49,2
1911,court_dynastic,1.0,0.3883,43.12,43.12,16.66,16.66,1
1911,security,0.525,0.2039,49.21,49.21,22.49,22.49,1
1912,court_dynastic,1.0,0.8621,44.12,44.12,17.66,17.66,1
1912,personal_access,0.16,0.1379,43.44,43.44,7.5,7.5,1
1913,court_dynastic,1.0,0.8621,45.12,45.12,18.66,18.66,1
1913,personal_access,0.16,0.1379,44.44,44.44,8.5,8.5,1
1914,court_dynastic,1.0,0.8621,46.12,46.12,19.66,19.66,1
1914,personal_access,0.16,0.1379,45.44,45.44,9.5,9.5,1
1915,court_dynastic,1.0,0.8621,47.12,47.12,20.66,20.66,1
1915,personal_access,0.16,0.1379,46.44,46.44,10.49,10.49,1
1916,court_dynastic,1.0,0.8621,48.12,48.12,21.66,21.66,1
1916,personal_access,0.16,0.1379,47.44,47.44,11.5,11.5,1
1917,societal_political,1.175,1.0,45.91,47.45,9.0,9.55,1
1918,party_generation,3.485,0.4304,38.41,39.48,20.49,21.13,1
1918,party_revolutionary,2.3325,0.2881,39.14,41.49,20.49,21.89,1
1918,governmental,0.95,0.1173,48.19,48.19,25.49,25.49,1
1918,military_party,0.7125,0.088,38.65,38.65,21.49,21.49,1
1918,security,0.6175,0.0763,40.8,40.8,23.49,23.49,1
1919,party_generation,3.4425,0.3901,38.85,40.11,20.66,21.49,1
1919,party_revolutionary,2.6625,0.3017,38.25,41.03,19.89,21.72,1
1919,governmental,0.95,0.1076,49.19,49.19,26.49,26.49,1
1919,military_party,0.7125,0.0807,39.64,39.64,22.49,22.49,1
1919,security,0.6175,0.07,41.8,41.8,24.49,24.49,1
1919,party_ideological,0.44,0.0499,30.72,30.72,13.5,13.5,1
1920,party_generation,3.4425,0.3901,39.85,41.11,21.66,22.5,1
1920,party_revolutionary,2.6625,0.3017,39.26,42.03,20.9,22.72,1
1920,governmental,0.95,0.1076,50.19,50.19,27.49,27.49,1
1920,military_party,0.7125,0.0807,40.65,40.65,23.49,23.49,1
1920,security,0.6175,0.07,42.8,42.8,25.5,25.5,1
1920,party_ideological,0.44,0.0499,31.72,31.72,14.5,14.5,1
1921,party_generation,3.995,0.4036,40.77,41.86,22.78,23.49,1
1921,party_revolutionary,2.6625,0.269,40.26,43.03,21.9,23.72,1
1921,governmental,1.47,0.1485,45.77,47.35,25.99,26.72,1
1921,military_party,0.7125,0.072,41.65,41.65,24.49,24.49,1
1921,security,0.6175,0.0624,43.8,43.8,26.49,26.49,1
1921,party_ideological,0.44,0.0445,32.72,32.72,15.5,15.5,1
1922,party_generation,4.845,0.4323,41.99,42.98,23.87,24.49,1
1922,party_revolutionary,2.6625,0.2376,41.26,44.03,22.9,24.72,1
1922,governmental,1.47,0.1312,46.77,48.35,26.99,27.72,1
1922,party_apparatus,0.9,0.0803,43.53,43.53,24.49,24.49,1
1922,military_party,0.7125,0.0636,42.65,42.65,25.49,25.49,1
1922,security,0.6175,0.0551,44.8,44.8,27.49,27.49,1
1923,party_generation,4.845,0.4323,42.99,43.98,24.87,25.49,1
1923,party_revolutionary,2.6625,0.2376,42.25,45.03,23.89,25.72,1
1923,governmental,1.47,0.1312,47.77,49.35,27.99,28.72,1
1923,party_apparatus,0.9,0.0803,44.53,44.53,25.49,25.49,1
1923,military_party,0.7125,0.0636,43.64,43.64,26.49,26.49,1
1923,security,0.6175,0.0551,45.8,45.8,28.49,28.49,1
1924,party_generation,3.995,0.3501,42.54,43.02,25.07,25.43,1
1924,party_apparatus,2.345,0.2055,42.73,42.68,24.49,24.46,2
1924,party_revolutionary,1.6625,0.1457,40.52,41.12,23.25,23.86,1
1924,personal_power_center,1.56,0.1367,39.92,41.5,22.49,23.62,1
1924,military_party,0.7125,0.0624,44.65,44.65,27.49,27.49,1
1924,security,0.6175,0.0541,46.8,46.8,29.5,29.5,1
1924,governmental,0.52,0.0456,43.34,43.34,26.49,26.49,1
1925,party_generation,2.805,0.3719,42.26,42.91,24.7,25.16,1
1925,personal_power_center,2.04,0.2705,42.08,42.95,23.16,24.12,1
1925,party_apparatus,1.445,0.1916,40.92,41.91,23.49,24.2,1
1925,military_party,0.7125,0.0945,45.65,45.65,28.49,28.49,1
1925,military,0.54,0.0716,44.4,44.4,22.5,22.5,1
1926,party_generation,2.805,0.4107,43.26,43.91,25.7,26.16,1
1926,personal_power_center,2.04,0.2987,43.08,43.95,24.16,25.12,1
1926,party_apparatus,1.445,0.2116,41.92,42.91,24.49,25.2,1
1926,military,0.54,0.0791,45.4,45.4,23.5,23.5,1
1927,personal_power_center,2.48,0.3915,43.23,44.19,25.0,25.83,1
1927,party_generation,1.87,0.2952,44.53,45.43,26.83,27.49,1
1927,party_apparatus,1.445,0.2281,42.92,43.91,25.49,26.2,1
1927,military,0.54,0.0852,46.4,46.4,24.5,24.5,1
1928,personal_power_center,2.48,0.3631,44.23,45.19,26.0,26.83,1
1928,party_generation,1.87,0.2738,45.53,46.43,27.83,28.49,1
1928,party_apparatus,1.445,0.2116,43.92,44.91,26.49,27.2,1
1928,military,0.54,0.0791,47.4,47.4,25.5,25.5,1
1928,industrial_policy,0.495,0.0725,41.68,41.68,25.5,25.5,1
1929,personal_power_center,2.48,0.3631,45.23,46.19,27.0,27.83,1
1929,party_generation,1.87,0.2738,46.53,47.43,28.83,29.49,1
1929,party_apparatus,1.445,0.2116,44.92,45.91,27.49,28.2,1
1929,military,0.54,0.0791,48.4,48.4,26.5,26.5,1
1929,industrial_policy,0.495,0.0725,42.68,42.68,26.5,26.5,1
1930,personal_power_center,2.48,0.3898,46.23,47.19,28.0,28.83,1
1930,party_apparatus,1.445,0.2271,45.92,46.91,28.5,29.2,1
1930,party_generation,1.4025,0.2204,50.44,50.67,32.49,32.49,1
1930,military,0.54,0.0849,49.4,49.4,27.5,27.5,1
1930,industrial_policy,0.495,0.0778,43.68,43.68,27.5,27.5,1
1931,personal_power_center,3.36,0.413,45.3,46.33,27.33,28.22,1
1931,party_apparatus,2.38,0.2926,44.17,45.23,26.75,27.64,1
1931,industrial_policy,1.005,0.1235,41.14,41.09,24.5,24.44,1
1931,party_generation,0.85,0.1045,52.53,52.53,33.49,33.49,1
1931,military,0.54,0.0664,50.4,50.4,28.5,28.5,1
1932,personal_power_center,3.36,0.413,46.3,47.33,28.33,29.22,1
1932,party_apparatus,2.38,0.2926,45.17,46.23,27.75,28.64,1
1932,industrial_policy,1.005,0.1235,42.14,42.09,25.5,25.44,1
1932,party_generation,0.85,0.1045,53.53,53.53,34.49,34.49,1
1932,military,0.54,0.0664,51.4,51.4,29.5,29.5,1
1933,personal_power_center,3.36,0.413,47.3,48.33,29.33,30.22,1
1933,party_apparatus,2.38,0.2926,46.18,47.23,28.75,29.64,1
1933,industrial_policy,1.005,0.1235,43.14,43.09,26.5,26.44,1
1933,party_generation,0.85,0.1045,54.53,54.53,35.49,35.49,1
1933,military,0.54,0.0664,52.4,52.4,30.5,30.5,1
1934,personal_power_center,3.36,0.413,48.3,49.33,30.33,31.22,1
1934,party_apparatus,2.38,0.2926,47.18,48.23,29.75,30.64,1
1934,industrial_policy,1.005,0.1235,44.14,44.09,27.5,27.44,1
1934,party_generation,0.85,0.1045,55.53,55.53,36.49,36.49,1
1934,military,0.54,0.0664,53.4,53.4,31.5,31.5,1
1935,personal_power_center,3.4,0.3952,47.69,49.07,29.5,30.79,1
1935,party_apparatus,2.4225,0.2816,45.76,47.36,28.0,29.51,1
1935,industrial_policy,1.005,0.1168,45.14,45.09,28.5,28.44,1
1935,party_generation,0.85,0.0988,56.53,56.53,37.49,37.49,1
1935,military,0.54,0.0628,54.4,54.4,32.5,32.5,1
1935,economic_planning,0.385,0.0448,39.6,39.6,20.5,20.5,1
1936,personal_power_center,3.4,0.3952,48.69,50.07,30.5,31.79,1
1936,party_apparatus,2.4225,0.2816,46.76,48.36,29.0,30.51,1
1936,industrial_policy,1.005,0.1168,46.14,46.09,29.5,29.44,1
1936,party_generation,0.85,0.0988,57.53,57.53,38.49,38.49,1
1936,military,0.54,0.0628,55.4,55.4,33.5,33.5,1
1936,economic_planning,0.385,0.0448,40.6,40.6,21.5,21.5,1
1937,personal_power_center,2.96,0.386,49.49,51.12,30.9,32.54,1
1937,party_apparatus,2.4225,0.3159,47.76,49.36,30.0,31.51,1
1937,party_generation,0.85,0.1109,58.53,58.53,39.49,39.49,1
1937,military,0.54,0.0704,56.4,56.4,34.5,34.5,1
1937,industrial_policy,0.51,0.0665,43.6,43.6,26.5,26.5,1
1937,economic_planning,0.385,0.0502,41.6,41.6,22.5,22.5,1
1938,personal_power_center,2.96,0.386,50.49,52.12,31.9,33.54,1
1938,party_apparatus,2.4225,0.3159,48.76,50.36,31.0,32.51,1
1938,party_generation,0.85,0.1109,59.53,59.53,40.49,40.49,1
1938,military,0.54,0.0704,57.4,57.4,35.5,35.5,1
1938,industrial_policy,0.51,0.0665,44.6,44.6,27.5,27.5,1
1938,economic_planning,0.385,0.0502,42.6,42.6,23.5,23.5,1
1939,personal_power_center,3.96,0.4134,48.72,50.22,30.21,31.72,1
1939,party_apparatus,2.89,0.3017,48.48,50.07,30.5,32.06,1
1939,security,0.665,0.0694,40.26,40.26,22.49,22.49,1
1939,functional,0.63,0.0658,49.31,49.31,33.5,33.5,1
1939,military,0.54,0.0564,58.4,58.4,36.5,36.5,1
1939,industrial_policy,0.51,0.0532,45.6,45.6,28.5,28.5,1
1939,economic_planning,0.385,0.0402,43.6,43.6,24.5,24.5,1
1940,personal_power_center,3.96,0.4134,49.72,51.22,31.21,32.72,1
1940,party_apparatus,2.89,0.3017,49.48,51.07,31.5,33.06,1
1940,security,0.665,0.0694,41.26,41.26,23.5,23.5,1
1940,functional,0.63,0.0658,50.31,50.31,34.5,34.5,1
1940,military,0.54,0.0564,59.4,59.4,37.5,37.5,1
1940,industrial_policy,0.51,0.0532,46.6,46.6,29.5,29.5,1
1940,economic_planning,0.385,0.0402,44.6,44.6,25.5,25.5,1
1941,personal_power_center,3.96,0.4642,50.72,52.22,32.21,33.72,1
1941,party_apparatus,2.89,0.3388,50.48,52.07,32.5,34.06,1
1941,security,0.665,0.078,42.26,42.26,24.5,24.5,1
1941,functional,0.63,0.0739,51.31,51.31,35.5,35.5,1
1941,economic_planning,0.385,0.0451,45.6,45.6,26.5,26.5,1
1942,personal_power_center,3.96,0.4642,51.72,53.22,33.21,34.72,1
1942,party_apparatus,2.89,0.3388,51.48,53.07,33.5,35.06,1
1942,security,0.665,0.078,43.26,43.26,25.5,25.5,1
1942,functional,0.63,0.0739,52.31,52.31,36.5,36.5,1
1942,economic_planning,0.385,0.0451,46.6,46.6,27.5,27.5,1
1943,personal_power_center,3.96,0.4642,52.72,54.22,34.21,35.72,1
1943,party_apparatus,2.89,0.3388,52.48,54.07,34.5,36.06,1
1943,security,0.665,0.078,44.26,44.26,26.49,26.49,1
1943,functional,0.63,0.0739,53.31,53.31,37.5,37.5,1
1943,economic_planning,0.385,0.0451,47.6,47.6,28.5,28.5,1
1944,personal_power_center,3.96,0.4642,53.72,55.22,35.21,36.72,1
1944,party_apparatus,2.89,0.3388,53.48,55.07,35.5,37.06,1
1944,security,0.665,0.078,45.26,45.26,27.5,27.5,1
1944,functional,0.63,0.0739,54.31,54.31,38.5,38.5,1
1944,economic_planning,0.385,0.0451,48.6,48.6,29.5,29.5,1
1945,personal_power_center,3.96,0.4642,54.72,56.22,36.21,37.72,1
1945,party_apparatus,2.89,0.3388,54.48,56.07,36.5,38.06,1
1945,security,0.665,0.078,46.26,46.26,28.5,28.5,1
1945,functional,0.63,0.0739,55.31,55.31,39.5,39.5,1
1945,economic_planning,0.385,0.0451,49.6,49.6,30.5,30.5,1
1946,personal_power_center,4.48,0.4412,54.31,55.74,35.87,37.3,1
1946,party_apparatus,3.995,0.3934,52.33,53.58,34.36,35.58,1
1946,security,0.665,0.0655,47.26,47.26,29.5,29.5,1
1946,functional,0.63,0.062,56.31,56.31,40.5,40.5,1
1946,economic_planning,0.385,0.0379,50.6,50.6,31.5,31.5,1
1947,personal_power_center,4.48,0.4412,55.31,56.74,36.87,38.3,1
1947,party_apparatus,3.995,0.3934,53.33,54.58,35.36,36.58,1
1947,security,0.665,0.0655,48.26,48.26,30.49,30.49,1
1947,functional,0.63,0.062,57.31,57.31,41.5,41.5,1
1947,economic_planning,0.385,0.0379,51.6,51.6,32.5,32.5,1
1948,personal_power_center,4.48,0.4295,56.31,57.74,37.88,39.3,1
1948,party_apparatus,3.995,0.383,54.33,55.58,36.36,37.59,1
1948,security,0.665,0.0638,49.26,49.26,31.5,31.5,1
1948,economic_planning,0.66,0.0633,52.83,52.79,32.5,32.67,1
1948,functional,0.63,0.0604,58.31,58.31,42.5,42.5,1
1949,personal_power_center,4.04,0.4243,57.88,59.33,39.5,40.93,1
1949,party_apparatus,3.5275,0.3704,55.67,57.01,37.83,39.12,1
1949,security,0.665,0.0698,50.26,50.26,32.5,32.5,1
1949,economic_planning,0.66,0.0693,53.83,53.79,33.5,33.67,1
1949,functional,0.63,0.0662,59.31,59.31,43.5,43.5,1
1950,personal_power_center,4.04,0.4543,58.88,60.33,40.5,41.93,1
1950,party_apparatus,3.5275,0.3967,56.67,58.01,38.83,40.12,1
1950,security,0.665,0.0748,51.26,51.26,33.5,33.5,1
1950,economic_planning,0.66,0.0742,54.83,54.79,34.5,34.67,1
1951,personal_power_center,4.04,0.4543,59.88,61.33,41.5,42.93,1
1951,party_apparatus,3.5275,0.3967,57.67,59.01,39.83,41.12,1
1951,security,0.665,0.0748,52.26,52.26,34.49,34.49,1
1951,economic_planning,0.66,0.0742,55.83,55.79,35.5,35.66,1
1952,personal_power_center,4.04,0.4543,60.88,62.33,42.5,43.94,1
1952,party_apparatus,3.5275,0.3967,58.67,60.01,40.83,42.13,1
1952,security,0.665,0.0748,53.26,53.26,35.5,35.5,1
1952,economic_planning,0.66,0.0742,56.83,56.79,36.5,36.67,1
1953,collective_leadership,2.9625,0.3374,60.07,60.22,40.83,41.15,1
1953,party_apparatus,2.6775,0.305,56.69,56.72,39.1,39.2,1
1953,personal_power_center,2.48,0.2825,60.88,60.86,42.5,42.58,1
1953,economic_planning,0.66,0.0752,57.83,57.79,37.5,37.67,1
1954,collective_leadership,3.8125,0.7922,60.95,60.99,41.07,40.89,1
1954,personal_power_center,1.0,0.2078,60.21,60.21,36.5,36.5,1
1955,collective_leadership,3.8125,0.5867,61.95,61.99,42.07,41.89,1
1955,personal_power_center,1.0,0.1539,61.21,61.21,37.5,37.5,1
1955,ideological,0.595,0.0916,52.61,52.61,28.5,28.5,1
1955,party_apparatus,0.595,0.0916,52.61,52.61,28.5,28.5,1
1955,military,0.495,0.0762,58.58,58.58,40.5,40.5,1
1956,collective_leadership,3.8125,0.5867,62.95,62.99,43.07,42.89,1
1956,personal_power_center,1.0,0.1539,62.21,62.21,38.5,38.5,1
1956,ideological,0.595,0.0916,53.61,53.61,29.5,29.5,1
1956,party_apparatus,0.595,0.0916,53.61,53.61,29.5,29.5,1
1956,military,0.495,0.0762,59.58,59.58,41.5,41.5,1
1957,collective_leadership,2.665,0.4981,64.97,65.02,43.9,43.52,1
1957,personal_power_center,1.0,0.1869,63.21,63.21,39.5,39.5,1
1957,ideological,0.595,0.1112,54.61,54.61,30.5,30.5,1
1957,party_apparatus,0.595,0.1112,54.61,54.61,30.5,30.5,1
1957,military,0.495,0.0925,60.58,60.58,42.5,42.5,1
1958,collective_leadership,2.665,0.5488,65.97,66.02,44.9,44.52,1
1958,personal_power_center,1.0,0.206,64.21,64.21,40.5,40.5,1
1958,ideological,0.595,0.1226,55.61,55.61,31.5,31.5,1
1958,party_apparatus,0.595,0.1226,55.61,55.61,31.5,31.5,1
1959,collective_leadership,2.24,0.4614,67.7,67.58,46.75,46.09,1
1959,personal_power_center,1.0,0.206,65.21,65.21,41.5,41.5,1
1959,ideological,0.595,0.1226,56.61,56.61,32.5,32.5,1
1959,party_apparatus,0.595,0.1226,56.61,56.61,32.5,32.5,1
1959,security,0.425,0.0875,40.87,40.87,19.5,19.5,1
1960,collective_leadership,2.24,0.3996,68.7,68.58,47.75,47.09,1
1960,party_apparatus,1.0075,0.1798,57.49,57.51,33.0,33.09,1
1960,personal_power_center,1.0,0.1784,66.21,66.21,42.5,42.5,1
1960,ideological,0.595,0.1062,57.61,57.61,33.5,33.5,1
1960,security,0.425,0.0758,41.87,41.87,20.5,20.5,1
1960,economic_admin,0.3375,0.0602,56.36,56.36,31.5,31.5,1
1961,collective_leadership,1.73,0.3177,66.14,66.39,45.5,45.03,1
1961,party_apparatus,1.3575,0.2493,53.28,54.48,29.83,30.84,1
1961,personal_power_center,1.0,0.1837,67.21,67.21,43.5,43.5,1
1961,ideological,0.595,0.1093,58.61,58.61,34.5,34.5,1
1961,security,0.425,0.0781,42.87,42.87,21.5,21.5,1
1961,economic_admin,0.3375,0.062,57.36,57.36,32.5,32.5,1
1962,collective_leadership,1.73,0.3202,67.14,67.39,46.5,46.03,1
1962,party_apparatus,1.3575,0.2513,54.28,55.48,30.83,31.84,1
1962,personal_power_center,1.0,0.1851,68.21,68.21,44.5,44.5,1
1962,ideological,0.595,0.1101,59.61,59.61,35.5,35.5,1
1962,security,0.3825,0.0708,38.46,38.46,18.5,18.5,1
1962,economic_admin,0.3375,0.0625,58.36,58.36,33.5,33.5,1
1963,collective_leadership,1.73,0.3202,68.14,68.39,47.5,47.03,1
1963,party_apparatus,1.3575,0.2513,55.28,56.48,31.83,32.84,1
1963,personal_power_center,1.0,0.1851,69.21,69.21,45.5,45.5,1
1963,ideological,0.595,0.1101,60.61,60.61,36.5,36.5,1
1963,security,0.3825,0.0708,39.46,39.46,19.5,19.5,1
1963,economic_admin,0.3375,0.0625,59.36,59.36,34.49,34.49,1
1964,party_apparatus,3.3575,0.3763,57.53,58.56,33.56,34.42,2
1964,collective_leadership,1.73,0.1939,69.14,69.39,48.5,48.03,1
1964,ideological,1.26,0.1412,61.61,61.61,37.5,37.5,2
1964,personal_power_center,1.0,0.1121,70.21,70.21,46.5,46.5,1
1964,economic_admin,0.765,0.0857,60.36,60.36,35.5,35.5,2
1964,functional,0.4275,0.0479,54.96,54.96,30.5,30.5,1
1964,security,0.3825,0.0429,40.46,40.46,20.5,20.5,1
1965,party_apparatus,2.47,0.4409,61.22,60.73,36.75,36.36,1
1965,personal_power_center,1.0,0.1785,58.53,58.53,34.5,34.5,1
1965,regional_personal_network,0.85,0.1517,58.53,58.53,34.5,34.5,1
1965,ideological,0.665,0.1187,62.61,62.61,38.5,38.5,1
1965,economic_admin,0.6175,0.1102,61.36,61.36,36.5,36.5,1
1966,party_apparatus,2.47,0.4409,62.22,61.73,37.75,37.36,1
1966,personal_power_center,1.0,0.1785,59.53,59.53,35.5,35.5,1
1966,regional_personal_network,0.85,0.1517,59.53,59.53,35.5,35.5,1
1966,ideological,0.665,0.1187,63.61,63.61,39.5,39.5,1
1966,economic_admin,0.6175,0.1102,62.36,62.36,37.5,37.5,1
1967,party_apparatus,2.99,0.4436,61.18,61.05,36.7,36.65,1
1967,personal_power_center,1.0,0.1484,60.53,60.53,36.5,36.5,1
1967,regional_personal_network,0.85,0.1261,60.53,60.53,36.5,36.5,1
1967,ideological,0.665,0.0987,64.61,64.61,40.5,40.5,1
1967,economic_admin,0.6175,0.0916,63.36,63.36,38.49,38.49,1
1967,security,0.6175,0.0916,53.04,53.04,28.5,28.5,1
1968,party_apparatus,2.99,0.4436,62.18,62.05,37.7,37.65,1
1968,personal_power_center,1.0,0.1484,61.53,61.53,37.5,37.5,1
1968,regional_personal_network,0.85,0.1261,61.53,61.53,37.5,37.5,1
1968,ideological,0.665,0.0987,65.61,65.61,41.5,41.5,1
1968,economic_admin,0.6175,0.0916,64.36,64.36,39.5,39.5,1
1968,security,0.6175,0.0916,54.05,54.05,29.5,29.5,1
1969,party_apparatus,2.99,0.4436,63.18,63.05,38.7,38.65,1
1969,personal_power_center,1.0,0.1484,62.53,62.53,38.5,38.5,1
1969,regional_personal_network,0.85,0.1261,62.53,62.53,38.5,38.5,1
1969,ideological,0.665,0.0987,66.61,66.61,42.5,42.5,1
1969,economic_admin,0.6175,0.0916,65.36,65.36,40.5,40.5,1
1969,security,0.6175,0.0916,55.05,55.05,30.5,30.5,1
1970,party_apparatus,2.99,0.4436,64.18,64.05,39.7,39.65,1
1970,personal_power_center,1.0,0.1484,63.53,63.53,39.5,39.5,1
1970,regional_personal_network,0.85,0.1261,63.53,63.53,39.5,39.5,1
1970,ideological,0.665,0.0987,67.61,67.61,43.5,43.5,1
1970,economic_admin,0.6175,0.0916,66.36,66.36,41.5,41.5,1
1970,security,0.6175,0.0916,56.04,56.04,31.5,31.5,1
1971,party_apparatus,3.6875,0.4958,62.78,63.48,38.36,39.11,1
1971,personal_power_center,1.0,0.1345,64.53,64.53,40.5,40.5,1
1971,regional_personal_network,0.85,0.1143,64.53,64.53,40.5,40.5,1
1971,ideological,0.665,0.0894,68.61,68.61,44.5,44.5,1
1971,economic_admin,0.6175,0.083,67.36,67.36,42.5,42.5,1
1971,security,0.6175,0.083,57.04,57.04,32.5,32.5,1
1972,party_apparatus,3.6875,0.4958,63.79,64.49,39.36,40.11,1
1972,personal_power_center,1.0,0.1345,65.53,65.53,41.5,41.5,1
1972,regional_personal_network,0.85,0.1143,65.53,65.53,41.5,41.5,1
1972,ideological,0.665,0.0894,69.61,69.61,45.5,45.5,1
1972,economic_admin,0.6175,0.083,68.36,68.36,43.5,43.5,1
1972,security,0.6175,0.083,58.05,58.05,33.5,33.5,1
1973,party_apparatus,4.1275,0.4914,64.68,65.32,40.25,40.93,1
1973,personal_power_center,1.0,0.119,66.53,66.53,42.5,42.5,1
1973,regional_personal_network,0.85,0.1012,66.53,66.53,42.5,42.5,1
1973,ideological,0.665,0.0792,70.61,70.61,46.5,46.5,1
1973,economic_admin,0.6175,0.0735,69.36,69.36,44.5,44.5,1
1973,security,0.6175,0.0735,59.05,59.05,34.5,34.5,1
1973,functional,0.5225,0.0622,63.95,63.95,39.5,39.5,1
1974,party_apparatus,4.1275,0.4914,65.68,66.32,41.25,41.93,1
1974,personal_power_center,1.0,0.119,67.53,67.53,43.5,43.5,1
1974,regional_personal_network,0.85,0.1012,67.53,67.53,43.5,43.5,1
1974,ideological,0.665,0.0792,71.61,71.61,47.5,47.5,1
1974,economic_admin,0.6175,0.0735,70.36,70.36,45.5,45.5,1
1974,security,0.6175,0.0735,60.05,60.05,35.5,35.5,1
1974,functional,0.5225,0.0622,64.95,64.95,40.5,40.5,1
1975,party_apparatus,4.1275,0.4914,66.68,67.32,42.25,42.93,1
1975,personal_power_center,1.0,0.119,68.53,68.53,44.5,44.5,1
1975,regional_personal_network,0.85,0.1012,68.53,68.53,44.5,44.5,1
1975,ideological,0.665,0.0792,72.61,72.61,48.5,48.5,1
1975,economic_admin,0.6175,0.0735,71.36,71.36,46.5,46.5,1
1975,security,0.6175,0.0735,61.04,61.04,36.5,36.5,1
1975,functional,0.5225,0.0622,65.95,65.95,41.5,41.5,1
1976,party_apparatus,4.6075,0.4876,67.68,68.26,43.28,43.89,1
1976,personal_power_center,1.0,0.1058,69.53,69.53,45.5,45.5,1
1976,regional_personal_network,0.85,0.0899,69.53,69.53,45.5,45.5,1
1976,ideological,0.665,0.0704,73.61,73.61,49.5,49.5,1
1976,economic_admin,0.6175,0.0653,72.36,72.36,47.5,47.5,1
1976,security,0.6175,0.0653,62.05,62.05,37.5,37.5,1
1976,military_industrial,0.57,0.0603,67.67,67.67,43.5,43.5,1
1976,functional,0.5225,0.0553,66.96,66.96,42.5,42.5,1
1977,party_apparatus,4.1675,0.4625,67.97,68.72,43.62,44.4,1
1977,personal_power_center,1.0,0.111,70.53,70.53,46.5,46.5,1
1977,regional_personal_network,0.85,0.0943,70.53,70.53,46.5,46.5,1
1977,ideological,0.665,0.0738,74.61,74.61,50.5,50.5,1
1977,economic_admin,0.6175,0.0685,73.36,73.36,48.5,48.5,1
1977,security,0.6175,0.0685,63.05,63.05,38.5,38.5,1
1977,military_industrial,0.57,0.0633,68.67,68.67,44.5,44.5,1
1977,functional,0.5225,0.058,67.95,67.95,43.5,43.5,1
1978,party_apparatus,4.1675,0.4625,68.97,69.72,44.62,45.4,1
1978,personal_power_center,1.0,0.111,71.53,71.53,47.5,47.5,1
1978,regional_personal_network,0.85,0.0943,71.53,71.53,47.5,47.5,1
1978,ideological,0.665,0.0738,75.61,75.61,51.5,51.5,1
1978,economic_admin,0.6175,0.0685,74.36,74.36,49.5,49.5,1
1978,security,0.6175,0.0685,64.05,64.05,39.5,39.5,1
1978,military_industrial,0.57,0.0633,69.67,69.67,45.5,45.5,1
1978,functional,0.5225,0.058,68.95,68.95,44.5,44.5,1
1979,party_apparatus,4.6075,0.4496,69.72,70.43,45.94,46.6,1
1979,personal_power_center,1.495,0.1459,70.15,70.95,48.5,48.5,1
1979,regional_personal_network,1.1525,0.1125,70.15,71.28,48.5,48.5,1
1979,ideological,0.665,0.0649,76.61,76.61,52.5,52.5,1
1979,economic_admin,0.6175,0.0603,75.36,75.36,50.5,50.5,1
1979,security,0.6175,0.0603,65.04,65.04,40.5,40.5,1
1979,military_industrial,0.57,0.0556,70.67,70.67,46.5,46.5,1
1979,functional,0.5225,0.051,69.95,69.95,45.5,45.5,1
1980,party_apparatus,5.0075,0.4522,71.17,71.73,47.3,47.83,1
1980,personal_power_center,1.495,0.135,71.15,71.95,49.5,49.5,1
1980,regional_personal_network,1.1525,0.1041,71.15,72.28,49.5,49.5,1
1980,economic_admin,1.0425,0.0942,75.75,75.86,51.0,51.09,1
1980,ideological,0.665,0.0601,77.61,77.61,53.5,53.5,1
1980,security,0.6175,0.0558,66.05,66.05,41.5,41.5,1
1980,military_industrial,0.57,0.0515,71.67,71.67,47.5,47.5,1
1980,functional,0.5225,0.0472,70.96,70.96,46.5,46.5,1
1981,party_apparatus,4.4875,0.4517,71.59,72.19,47.83,48.41,1
1981,personal_power_center,1.495,0.1505,72.15,72.95,50.5,50.5,1
1981,regional_personal_network,1.1525,0.116,72.15,73.28,50.5,50.5,1
1981,ideological,0.665,0.0669,78.61,78.61,54.5,54.5,1
1981,security,0.6175,0.0622,67.05,67.05,42.5,42.5,1
1981,military_industrial,0.57,0.0574,72.67,72.67,48.5,48.5,1
1981,functional,0.5225,0.0526,71.95,71.95,47.5,47.5,1
1981,economic_admin,0.425,0.0428,76.13,76.13,51.5,51.5,1
1982,party_apparatus,4.545,0.4873,71.3,71.7,47.5,47.86,1
1982,personal_power_center,1.495,0.1603,73.15,73.95,51.5,51.5,1
1982,regional_personal_network,1.1525,0.1236,73.15,74.28,51.5,51.5,1
1982,security,0.6175,0.0662,68.05,68.05,43.5,43.5,1
1982,military_industrial,0.57,0.0611,73.67,73.67,49.5,49.5,1
1982,functional,0.5225,0.056,72.95,72.95,48.5,48.5,1
1982,economic_admin,0.425,0.0456,77.13,77.13,52.5,52.5,1
1983,party_apparatus,4.2075,0.698,71.77,71.3,48.0,47.4,1
1983,military_industrial,0.57,0.0946,74.67,74.67,50.5,50.5,1
1983,functional,0.5225,0.0867,73.95,73.95,49.5,49.5,1
1983,economic_admin,0.425,0.0705,78.13,78.13,53.5,53.5,1
1983,regional_personal_network,0.3025,0.0502,71.77,71.77,52.5,52.5,1
1984,party_apparatus,2.8175,0.5767,73.69,73.77,50.17,50.85,1
1984,military_industrial,0.57,0.1167,75.67,75.67,51.5,51.5,1
1984,regional_personal_network,0.55,0.1126,72.77,72.77,53.5,53.5,1
1984,functional,0.5225,0.107,74.96,74.96,50.5,50.5,1
1984,economic_admin,0.425,0.087,79.13,79.13,54.5,54.5,1
1985,party_apparatus,1.9625,0.3731,72.45,72.51,48.1,48.16,1
1985,reformist_power_center,1.0,0.1901,54.33,54.33,33.5,33.5,1
1985,institutional_center,0.9,0.1711,54.33,54.33,33.5,33.5,1
1985,functional,0.5225,0.0993,75.96,75.96,51.5,51.5,1
1985,party_conservative,0.45,0.0856,64.59,64.59,40.5,40.5,1
1985,economic_admin,0.425,0.0808,80.13,80.13,55.5,55.5,1
1986,reformist_power_center,1.4,0.3355,56.88,56.22,34.0,34.21,1
1986,institutional_center,0.9,0.2157,55.33,55.33,34.5,34.5,1
1986,functional,0.5225,0.1252,76.95,76.95,52.5,52.5,1
1986,foreign_policy_reform,0.475,0.1138,58.43,58.43,33.5,33.5,1
1986,party_conservative,0.45,0.1078,65.59,65.59,41.5,41.5,1
1986,party_apparatus,0.425,0.1019,65.59,65.59,41.5,41.5,1
1987,reformist_power_center,1.4,0.3355,57.88,57.22,35.0,35.21,1
1987,institutional_center,0.9,0.2157,56.33,56.33,35.5,35.5,1
1987,functional,0.5225,0.1252,77.95,77.95,53.5,53.5,1
1987,foreign_policy_reform,0.475,0.1138,59.43,59.43,34.49,34.49,1
1987,party_conservative,0.45,0.1078,66.59,66.59,42.5,42.5,1
1987,party_apparatus,0.425,0.1019,66.59,66.59,42.5,42.5,1
1988,reformist_power_center,1.4,0.3355,58.88,58.22,36.0,36.21,1
1988,institutional_center,0.9,0.2157,57.33,57.33,36.5,36.5,1
1988,functional,0.5225,0.1252,78.96,78.96,54.5,54.5,1
1988,foreign_policy_reform,0.475,0.1138,60.43,60.43,35.5,35.5,1
1988,party_conservative,0.45,0.1078,67.59,67.59,43.5,43.5,1
1988,party_apparatus,0.425,0.1019,67.59,67.59,43.5,43.5,1
1989,reformist_power_center,1.4,0.3394,59.88,59.22,37.0,37.21,1
1989,institutional_center,0.9,0.2182,58.33,58.33,37.5,37.5,1
1989,foreign_policy_reform,0.475,0.1152,61.43,61.43,36.5,36.5,1
1989,security,0.475,0.1152,65.34,65.34,40.5,40.5,1
1989,party_conservative,0.45,0.1091,68.59,68.59,44.5,44.5,1
1989,party_apparatus,0.425,0.103,68.59,68.59,44.5,44.5,1
1990,reformist_power_center,1.4,0.3394,60.88,60.22,38.0,38.21,1
1990,institutional_center,0.9,0.2182,59.33,59.33,38.5,38.5,1
1990,foreign_policy_reform,0.475,0.1152,62.43,62.43,37.5,37.5,1
1990,security,0.475,0.1152,66.34,66.34,41.5,41.5,1
1990,party_conservative,0.45,0.1091,69.59,69.59,45.5,45.5,1
1990,party_apparatus,0.425,0.103,69.59,69.59,45.5,45.5,1
1991,reformist_power_center,1.0,0.4211,60.33,60.33,39.5,39.5,1
1991,institutional_center,0.9,0.3789,60.33,60.33,39.5,39.5,1
1991,security,0.475,0.2,67.34,67.34,42.5,42.5,1
1992,ideological_functional,0.4275,1.0,37.04,37.04,12.5,12.5,1
1993,ideological_functional,0.4275,1.0,38.04,38.04,13.5,13.5,1
1994,ideological_functional,0.4275,1.0,39.04,39.04,14.5,14.5,1
1995,ideological_functional,0.4275,1.0,40.04,40.04,15.5,15.5,1
1996,ideological_functional,0.4275,1.0,41.04,41.04,16.5,16.5,1
1997,ideological_functional,0.4275,1.0,42.04,42.04,17.5,17.5,1
1998,functional,0.4125,1.0,35.93,35.93,11.5,11.5,1
1999,functional,0.5525,0.5,43.33,43.33,18.49,18.49,1
1999,personal_network,0.5525,0.5,43.33,43.33,18.49,18.49,1
2000,institutional,1.78,0.2511,45.51,46.33,21.83,22.84,1
2000,regional_personal_network,1.5875,0.224,42.42,44.03,18.83,20.85,1
2000,functional,1.075,0.1517,40.05,40.17,15.5,15.61,1
2000,personal_power_center,1.0,0.1411,47.73,47.73,25.5,25.5,1
2000,institutional_subnetwork,0.6175,0.0871,48.98,48.98,24.5,24.5,1
2000,personal_network,0.5525,0.078,44.33,44.33,19.5,19.5,1
2000,ideological_functional,0.475,0.067,39.72,39.72,15.5,15.5,1
2001,institutional,1.78,0.2511,46.51,47.33,22.83,23.84,1
2001,regional_personal_network,1.5875,0.224,43.42,45.03,19.83,21.85,1
2001,functional,1.075,0.1517,41.05,41.17,16.5,16.61,1
2001,personal_power_center,1.0,0.1411,48.73,48.73,26.5,26.5,1
2001,institutional_subnetwork,0.6175,0.0871,49.98,49.98,25.5,25.5,1
2001,personal_network,0.5525,0.078,45.33,45.33,20.5,20.5,1
2001,ideological_functional,0.475,0.067,40.72,40.72,16.5,16.5,1
2002,institutional,1.78,0.2511,47.5,48.32,23.83,24.84,1
2002,regional_personal_network,1.5875,0.224,44.42,46.03,20.83,22.85,1
2002,functional,1.075,0.1517,42.05,42.17,17.5,17.61,1
2002,personal_power_center,1.0,0.1411,49.73,49.73,27.5,27.5,1
2002,institutional_subnetwork,0.6175,0.0871,50.97,50.97,26.5,26.5,1
2002,personal_network,0.5525,0.078,46.33,46.33,21.5,21.5,1
2002,ideological_functional,0.475,0.067,41.72,41.72,17.5,17.5,1
2003,institutional,1.78,0.2511,48.5,49.32,24.83,25.83,1
2003,regional_personal_network,1.5875,0.224,45.42,47.03,21.83,23.85,1
2003,functional,1.075,0.1517,43.05,43.17,18.49,18.6,1
2003,personal_power_center,1.0,0.1411,50.73,50.73,28.5,28.5,1
2003,institutional_subnetwork,0.6175,0.0871,51.97,51.97,27.5,27.5,1
2003,personal_network,0.5525,0.078,47.33,47.33,22.49,22.49,1
2003,ideological_functional,0.475,0.067,42.72,42.72,18.49,18.49,1
2004,institutional,1.78,0.2428,49.51,50.33,25.83,26.84,1
2004,regional_personal_network,1.5875,0.2166,46.42,48.03,22.83,24.85,1
2004,personal_power_center,1.3025,0.1777,53.0,52.32,29.5,29.5,1
2004,functional,1.045,0.1426,47.03,47.03,22.5,22.5,2
2004,institutional_subnetwork,0.6175,0.0842,52.98,52.98,28.5,28.5,1
2004,sectoral,0.5225,0.0713,43.81,43.81,19.5,19.5,1
2004,ideological_functional,0.475,0.0648,43.72,43.72,19.5,19.5,1
2005,institutional,1.78,0.2428,50.51,51.33,26.83,27.84,1
2005,regional_personal_network,1.5875,0.2166,47.42,49.03,23.83,25.85,1
2005,personal_power_center,1.3025,0.1777,54.0,53.32,30.5,30.5,1
2005,functional,1.045,0.1426,48.03,48.03,23.5,23.5,2
2005,institutional_subnetwork,0.6175,0.0842,53.98,53.98,29.5,29.5,1
2005,sectoral,0.5225,0.0713,44.81,44.81,20.5,20.5,1
2005,ideological_functional,0.475,0.0648,44.72,44.72,20.5,20.5,1
2006,institutional,1.78,0.2161,51.5,52.32,27.83,28.84,1
2006,regional_personal_network,1.5875,0.1927,48.42,50.03,24.83,26.85,1
2006,functional,1.4575,0.1769,48.69,48.74,24.17,24.22,3
2006,personal_power_center,1.3025,0.1581,55.0,54.32,31.5,31.5,1
2006,institutional_subnetwork,0.6175,0.075,54.97,54.97,30.5,30.5,1
2006,sectoral,0.5225,0.0634,45.81,45.81,21.5,21.5,1
2006,regional,0.495,0.0601,48.03,48.03,23.5,23.5,1
2006,ideological_functional,0.475,0.0577,45.72,45.72,21.5,21.5,1
2007,institutional,1.78,0.2161,52.5,53.32,28.83,29.83,1
2007,regional_personal_network,1.5875,0.1927,49.42,51.03,25.83,27.85,1
2007,functional,1.4575,0.1769,49.69,49.74,25.16,25.21,3
2007,personal_power_center,1.3025,0.1581,56.0,55.32,32.5,32.5,1
2007,institutional_subnetwork,0.6175,0.075,55.97,55.97,31.5,31.5,1
2007,sectoral,0.5225,0.0634,46.81,46.81,22.49,22.49,1
2007,regional,0.495,0.0601,49.03,49.03,24.5,24.5,1
2007,ideological_functional,0.475,0.0577,46.72,46.72,22.49,22.49,1
2008,functional,2.0075,0.2248,49.49,48.57,25.0,24.1,3
2008,institutional,1.6,0.1792,53.81,54.49,29.5,30.18,1
2008,regional_personal_network,1.5375,0.1722,46.11,45.18,21.83,20.9,1
2008,institutional_subnetwork,1.1875,0.133,56.8,56.81,32.5,32.5,1
2008,personal_power_center,1.1025,0.1235,50.54,47.05,26.0,22.62,1
2008,sectoral,0.5225,0.0585,47.81,47.81,23.5,23.5,1
2008,regional,0.495,0.0554,50.03,50.03,25.5,25.5,1
2008,ideological_functional,0.475,0.0532,47.72,47.72,23.5,23.5,1
2009,functional,2.0075,0.2248,50.49,49.57,26.0,25.1,3
2009,institutional,1.6,0.1792,54.81,55.49,30.5,31.18,1
2009,regional_personal_network,1.5375,0.1722,47.11,46.18,22.83,21.9,1
2009,institutional_subnetwork,1.1875,0.133,57.8,57.81,33.5,33.5,1
2009,personal_power_center,1.1025,0.1235,51.54,48.05,27.0,23.62,1
2009,sectoral,0.5225,0.0585,48.81,48.81,24.5,24.5,1
2009,regional,0.495,0.0554,51.03,51.03,26.5,26.5,1
2009,ideological_functional,0.475,0.0532,48.72,48.72,24.5,24.5,1
2010,functional,2.0075,0.2248,51.49,50.57,27.0,26.1,3
2010,institutional,1.6,0.1792,55.8,56.49,31.5,32.18,1
2010,regional_personal_network,1.5375,0.1722,48.11,47.18,23.83,22.9,1
2010,institutional_subnetwork,1.1875,0.133,58.8,58.81,34.5,34.5,1
2010,personal_power_center,1.1025,0.1235,52.53,49.04,28.0,24.62,1
2010,sectoral,0.5225,0.0585,49.81,49.81,25.5,25.5,1
2010,regional,0.495,0.0554,52.03,52.03,27.5,27.5,1
2010,ideological_functional,0.475,0.0532,49.72,49.72,25.5,25.5,1
2011,institutional,1.6,0.1995,56.8,57.49,32.5,33.18,1
2011,functional,1.595,0.1988,51.28,51.19,26.83,26.74,3
2011,regional_personal_network,1.5375,0.1917,49.11,48.18,24.83,23.89,1
2011,institutional_subnetwork,1.1875,0.1481,59.8,59.81,35.5,35.5,1
2011,personal_power_center,1.1025,0.1375,53.53,50.04,29.0,25.62,1
2011,sectoral,0.5225,0.0651,50.81,50.81,26.49,26.49,1
2011,ideological_functional,0.475,0.0592,50.72,50.72,26.49,26.49,1
2012,institutional,2.32,0.2822,58.12,58.87,34.25,35.17,1
2012,personal_power_center,1.8225,0.2217,56.27,56.46,32.5,33.22,1
2012,regional_personal_network,1.37,0.1667,53.27,54.82,30.0,31.81,1
2012,functional,1.24,0.1509,55.14,54.02,30.5,29.4,2
2012,institutional_subnetwork,1.1875,0.1445,60.8,60.81,36.5,36.5,1
2012,ideological_functional,0.28,0.0341,49.22,49.22,24.5,24.5,1
2013,institutional,3.2525,0.2959,58.73,59.33,34.67,35.41,1
2013,personal_power_center,1.8225,0.1658,57.27,57.46,33.5,34.22,1
2013,functional,1.6675,0.1517,56.25,53.65,31.66,29.15,2
2013,regional_personal_network,1.37,0.1246,54.27,55.82,31.0,32.81,1
2013,institutional_subnetwork,1.1875,0.108,61.8,61.81,37.5,37.5,1
2013,institutional_sectoral,1.075,0.0978,57.96,57.96,33.5,33.5,1
2013,ideological_functional,0.6175,0.0562,49.95,49.92,25.5,25.5,1
2014,institutional,3.2525,0.2959,59.73,60.32,35.67,36.41,1
2014,personal_power_center,1.8225,0.1658,58.27,58.46,34.5,35.22,1
2014,functional,1.6675,0.1517,57.25,54.65,32.66,30.15,2
2014,regional_personal_network,1.37,0.1246,55.26,56.82,32.0,33.81,1
2014,institutional_subnetwork,1.1875,0.108,62.8,62.81,38.5,38.5,1
2014,institutional_sectoral,1.075,0.0978,58.96,58.96,34.5,34.5,1
2014,ideological_functional,0.6175,0.0562,50.95,50.92,26.5,26.5,1
2015,institutional,3.2525,0.2959,60.73,61.32,36.67,37.41,1
2015,personal_power_center,1.8225,0.1658,59.27,59.46,35.5,36.22,1
2015,functional,1.6675,0.1517,58.25,55.65,33.66,31.15,2
2015,regional_personal_network,1.37,0.1246,56.26,57.82,33.0,34.81,1
2015,institutional_subnetwork,1.1875,0.108,63.8,63.81,39.5,39.5,1
2015,institutional_sectoral,1.075,0.0978,59.96,59.96,35.5,35.5,1
2015,ideological_functional,0.6175,0.0562,51.95,51.92,27.5,27.5,1
2016,institutional,3.7025,0.316,61.83,62.34,37.64,38.3,1
2016,personal_power_center,1.8225,0.1555,60.27,60.46,36.5,37.22,1
2016,functional,1.6675,0.1423,59.25,56.65,34.66,32.15,2
2016,institutional_subnetwork,1.4625,0.1248,64.01,64.36,39.5,39.94,1
2016,regional_personal_network,1.37,0.1169,57.27,58.82,34.0,35.81,1
2016,institutional_sectoral,1.075,0.0917,60.97,60.97,36.5,36.5,1
2016,ideological_functional,0.6175,0.0527,52.95,52.92,28.5,28.5,1
2017,institutional,4.4,0.3103,58.11,62.47,33.56,38.35,2
2017,functional,3.1625,0.223,58.37,56.2,33.75,31.68,3
2017,personal_power_center,1.8225,0.1285,61.27,61.46,37.5,38.22,1
2017,regional_personal_network,1.64,0.1157,59.74,60.29,36.17,37.09,1
2017,institutional_subnetwork,1.4625,0.1031,65.01,65.36,40.5,40.94,1
2017,institutional_sectoral,1.075,0.0758,61.96,61.96,37.5,37.5,1
2017,ideological_functional,0.6175,0.0435,53.95,53.92,29.5,29.5,1
2018,institutional,4.4,0.3103,59.11,63.47,34.56,39.35,2
2018,functional,3.1625,0.223,59.36,57.2,34.75,32.68,3
2018,personal_power_center,1.8225,0.1285,62.27,62.46,38.5,39.22,1
2018,regional_personal_network,1.64,0.1157,60.74,61.29,37.17,38.09,1
2018,institutional_subnetwork,1.4625,0.1031,66.01,66.36,41.5,41.94,1
2018,institutional_sectoral,1.075,0.0758,62.96,62.96,38.5,38.5,1
2018,ideological_functional,0.6175,0.0435,54.95,54.92,30.5,30.5,1
2019,institutional,4.4,0.3103,60.11,64.47,35.55,40.35,2
2019,functional,3.1625,0.223,60.36,58.2,35.75,33.68,3
2019,personal_power_center,1.8225,0.1285,63.27,63.46,39.5,40.22,1
2019,regional_personal_network,1.64,0.1157,61.73,62.29,38.17,39.09,1
2019,institutional_subnetwork,1.4625,0.1031,67.01,67.36,42.5,42.94,1
2019,institutional_sectoral,1.075,0.0758,63.96,63.96,39.5,39.5,1
2019,ideological_functional,0.6175,0.0435,55.95,55.92,31.5,31.5,1
2020,institutional,4.4,0.2948,61.11,65.47,36.56,41.35,2
2020,functional,3.6775,0.2464,61.21,58.51,36.57,33.94,3
2020,personal_power_center,2.1325,0.1429,61.78,62.97,37.75,39.48,1
2020,regional_personal_network,1.56,0.1045,62.74,63.73,39.17,40.58,1
2020,institutional_subnetwork,1.4625,0.098,68.01,68.36,43.5,43.94,1
2020,institutional_sectoral,1.075,0.072,64.97,64.97,40.5,40.5,1
2020,ideological_functional,0.6175,0.0414,56.95,56.92,32.5,32.5,1
2021,institutional,4.4,0.2948,62.11,66.47,37.56,42.35,2
2021,functional,3.6775,0.2464,62.21,59.51,37.57,34.94,3
2021,personal_power_center,2.1325,0.1429,62.78,63.97,38.75,40.48,1
2021,regional_personal_network,1.56,0.1045,63.74,64.73,40.17,41.58,1
2021,institutional_subnetwork,1.4625,0.098,69.01,69.36,44.5,44.94,1
2021,institutional_sectoral,1.075,0.072,65.96,65.96,41.5,41.5,1
2021,ideological_functional,0.6175,0.0414,57.95,57.92,33.5,33.5,1
2022,institutional,4.4,0.2948,63.11,67.47,38.56,43.35,2
2022,functional,3.6775,0.2464,63.21,60.51,38.57,35.94,3
2022,personal_power_center,2.1325,0.1429,63.78,64.97,39.75,41.48,1
2022,regional_personal_network,1.56,0.1045,64.74,65.73,41.17,42.58,1
2022,institutional_subnetwork,1.4625,0.098,70.01,70.36,45.5,45.94,1
2022,institutional_sectoral,1.075,0.072,66.96,66.96,42.5,42.5,1
2022,ideological_functional,0.6175,0.0414,58.95,58.92,34.5,34.5,1
2023,institutional,4.4,0.2948,64.11,68.47,39.55,44.35,2
2023,functional,3.6775,0.2464,64.21,61.51,39.57,36.94,3
2023,personal_power_center,2.1325,0.1429,64.78,65.97,40.75,42.48,1
2023,regional_personal_network,1.56,0.1045,65.73,66.73,42.17,43.58,1
2023,institutional_subnetwork,1.4625,0.098,71.01,71.36,46.5,46.94,1
2023,institutional_sectoral,1.075,0.072,67.96,67.96,43.5,43.5,1
2023,ideological_functional,0.6175,0.0414,59.95,59.92,35.5,35.5,1
2024,functional,4.145,0.2855,65.5,62.83,40.83,38.23,3
2024,institutional,3.7825,0.2606,64.88,68.91,40.36,44.84,2
2024,personal_power_center,2.1325,0.1469,65.78,66.97,41.75,43.48,1
2024,regional_personal_network,1.56,0.1075,66.74,67.73,43.17,44.58,1
2024,institutional_sectoral,1.4325,0.0987,67.74,68.05,43.17,43.5,1
2024,institutional_subnetwork,0.845,0.0582,71.53,71.91,47.0,47.52,1
2024,ideological_functional,0.6175,0.0425,60.95,60.92,36.5,36.5,1
2025,functional,4.145,0.2855,66.5,63.83,41.83,39.23,3
2025,institutional,3.7825,0.2606,65.88,69.91,41.36,45.84,2
2025,personal_power_center,2.1325,0.1469,66.78,67.97,42.75,44.48,1
2025,regional_personal_network,1.56,0.1075,67.74,68.73,44.17,45.58,1
2025,institutional_sectoral,1.4325,0.0987,68.74,69.05,44.17,44.5,1
2025,institutional_subnetwork,0.845,0.0582,72.53,72.91,48.0,48.52,1
2025,ideological_functional,0.6175,0.0425,61.95,61.92,37.5,37.5,1
2026,functional,4.145,0.2855,67.5,64.83,42.83,40.23,3
2026,institutional,3.7825,0.2606,66.88,70.91,42.36,46.84,2
2026,personal_power_center,2.1325,0.1469,67.78,68.97,43.75,45.48,1
2026,regional_personal_network,1.56,0.1075,68.74,69.73,45.17,46.58,1
2026,institutional_sectoral,1.4325,0.0987,69.74,70.05,45.17,45.5,1
2026,institutional_subnetwork,0.845,0.0582,73.53,73.91,49.0,49.52,1
2026,ideological_functional,0.6175,0.0425,62.95,62.92,38.5,38.5,1
